-- ============================================================
-- 测试虚拟数据 — 用完可删
-- ============================================================
USE kg_tutoring_db;
SET FOREIGN_KEY_CHECKS = 0;

-- ====== 课程 (4门) ======
INSERT INTO course (id, subject, course_name, description, teacher_id, create_time) VALUES
(1, '数学', '高等数学A', '函数极限、微积分、级数等核心内容', 2, NOW()),
(2, '计算机', '数据结构与算法', '线性表、树、图、排序与查找算法', 51, NOW()),
(3, '计算机', '计算机网络', 'OSI模型、TCP/IP协议栈、网络编程', 53, NOW()),
(4, '物理', '大学物理B', '力学、电磁学、热学基础', 52, NOW())
ON DUPLICATE KEY UPDATE subject=VALUES(subject);

-- ====== 知识点 (每门课6-8个) ======
INSERT INTO knowledge_node (id, course_id, name, description, difficulty, chapter, expected_minutes) VALUES
-- 高等数学
(1, 1, '函数与极限', '函数定义、极限概念、无穷小', 1, '第一章', 45),
(2, 1, '导数与微分', '导数定义、求导法则、高阶导数', 2, '第二章', 60),
(3, 1, '微分中值定理', '罗尔定理、拉格朗日定理、柯西定理', 2, '第二章', 50),
(4, 1, '不定积分', '原函数、换元积分法、分部积分法', 2, '第三章', 60),
(5, 1, '定积分', '定积分定义、牛顿莱布尼茨公式', 3, '第三章', 75),
(6, 1, '多元函数微分', '偏导数、全微分、方向导数', 3, '第四章', 90),
-- 数据结构
(7, 2, '线性表', '顺序表、链表及其基本操作', 1, '第二章', 45),
(8, 2, '栈与队列', '栈的LIFO、队列的FIFO、循环队列', 1, '第三章', 40),
(9, 2, '树与二叉树', '二叉树遍历、BST、平衡树', 2, '第四章', 75),
(10, 2, '图论基础', '图的存储、DFS、BFS遍历', 3, '第五章', 90),
(11, 2, '查找算法', '二分查找、哈希表、B树', 2, '第六章', 60),
(12, 2, '排序算法', '快排、归并、堆排序、计数排序', 3, '第七章', 90),
-- 计算机网络
(13, 3, 'OSI七层模型', '物理层到应用层的功能划分', 1, '第一章', 40),
(14, 3, 'TCP/IP协议栈', 'IP协议、TCP/UDP、三次握手四次挥手', 2, '第二章', 60),
(15, 3, 'HTTP协议', '请求响应模型、状态码、HTTPS', 2, '第三章', 45),
(16, 3, 'DNS与域名解析', '域名层级、递归与迭代查询', 1, '第三章', 30),
(17, 3, '路由算法', 'RIP、OSPF、BGP路由协议', 3, '第四章', 75),
(18, 3, '网络安全基础', '加密算法、数字签名、防火墙', 2, '第五章', 50),
-- 大学物理
(19, 4, '质点运动学', '位移、速度、加速度、圆周运动', 1, '第一章', 45),
(20, 4, '牛顿运动定律', '三大定律、惯性系、非惯性系', 1, '第二章', 50),
(21, 4, '功与机械能', '动能定理、势能、机械能守恒', 2, '第三章', 55),
(22, 4, '静电场', '库仑定律、高斯定理、电势', 2, '第四章', 70),
(23, 4, '稳恒磁场', '毕奥萨伐尔定律、安培力', 3, '第五章', 80),
(24, 4, '电磁感应', '法拉第定律、楞次定律、自感互感', 3, '第六章', 75)
ON DUPLICATE KEY UPDATE name=VALUES(name);

-- ====== 知识点依赖边 (前置关系) ======
INSERT IGNORE INTO knowledge_edge (from_node_id, to_node_id, relation_type) VALUES
(1, 2, 'prerequisite'), (1, 3, 'prerequisite'), (2, 4, 'prerequisite'),
(3, 4, 'prerequisite'), (4, 5, 'prerequisite'), (5, 6, 'prerequisite'),
(7, 8, 'prerequisite'), (7, 9, 'prerequisite'), (8, 9, 'prerequisite'),
(9, 10, 'prerequisite'), (9, 11, 'prerequisite'), (7, 11, 'prerequisite'),
(11, 12, 'prerequisite'),
(13, 14, 'prerequisite'), (14, 15, 'prerequisite'), (13, 16, 'prerequisite'),
(16, 17, 'prerequisite'), (14, 17, 'prerequisite'), (17, 18, 'prerequisite'),
(19, 20, 'prerequisite'), (20, 21, 'prerequisite'), (21, 22, 'prerequisite'),
(19, 22, 'prerequisite'), (22, 23, 'prerequisite'), (23, 24, 'prerequisite');

-- ====== 题目 (每知识点约4道，共约96道) ======
INSERT IGNORE INTO question (id, node_id, content, options, answer, analysis, difficulty, question_type) VALUES
-- 函数与极限
(1, 1, '函数f(x)=1/x在x→0时的极限为？', '["0","∞","1","不存在"]', 'D', 'x→0时1/x无界，极限不存在', 1, 'single'),
(2, 1, '极限lim(x→0) sin(x)/x 的值为？', '["0","1","∞","-1"]', 'B', '重要极限：lim(x→0) sin(x)/x = 1', 1, 'single'),
(3, 1, '无穷小量是指极限为___的量', '["0","∞","1","任意值"]', 'A', '无穷小的定义：极限为零的量', 1, 'single'),
(4, 1, '以下哪个不是无穷小量？', '["x²(x→0)","sin(x)(x→0)","1/x(x→∞)","x(x→∞)"]', 'D', 'x→∞时x趋于无穷，不是无穷小', 2, 'single'),
-- 导数与微分
(5, 2, '函数y=x³的导数为？', '["3x","x²","3x²","3"]', 'C', '幂函数求导：(xⁿ)\'=nxⁿ⁻¹', 1, 'single'),
(6, 2, '函数y=ln(x)的导数为？', '["x","1/x","eˣ","1"]', 'B', '对数函数导数：(ln x)\' = 1/x', 1, 'single'),
(7, 2, '函数y=x²在x=2处的切线斜率为？', '["2","4","8","6"]', 'B', 'y\'=2x，代入x=2得斜率4', 2, 'single'),
(8, 2, '复合函数y=sin(2x)的导数为？', '["cos(2x)","2cos(2x)","-2cos(2x)","sin(2x)"]', 'B', '链式法则：先对sin求导得cos(2x)再乘2x导数2', 2, 'single'),
-- 线性表
(9, 7, '顺序表中访问第i个元素的时间复杂度为？', '["O(n)","O(1)","O(log n)","O(n²)"]', 'B', '顺序表支持随机访问，直接通过下标获取', 1, 'single'),
(10, 7, '单链表中插入一个节点的时间复杂度为？', '["O(1)","O(n)","O(log n)","O(n²)"]', 'A', '已知插入位置时，修改指针即可，O(1)', 1, 'single'),
(11, 7, '以下哪种结构不属于线性表？', '["顺序表","链表","栈","树"]', 'D', '树是一种非线性结构', 1, 'single'),
(12, 7, '长度为n的顺序表删除第i个元素需要移动多少个元素？', '["i","n-i","n-i+1","n"]', 'B', '删除后，后面n-i个元素前移', 2, 'single'),
-- 树与二叉树
(13, 9, '二叉树第k层最多有多少个节点？', '["k","2ᵏ","2ᵏ⁻¹","2ᵏ⁺¹"]', 'C', '二叉树第k层最多有2^(k-1)个节点', 2, 'single'),
(14, 9, '二叉搜索树的中序遍历结果是？', '["无序","递增有序","递减有序","不确定"]', 'B', 'BST性质：中序遍历得到递增序列', 2, 'single'),
(15, 9, '具有n个节点的完全二叉树高度为？', '["n","log₂n","⌊log₂n⌋+1","n/2"]', 'C', '完全二叉树高度为⌊log₂n⌋+1', 3, 'single'),
-- TCP/IP
(16, 14, 'TCP三次握手中，客户端首先发送什么报文？', '["ACK","SYN","SYN+ACK","FIN"]', 'B', '第一次握手：客户端发送SYN包', 1, 'single'),
(17, 14, 'TCP协议位于OSI模型的哪一层？', '["网络层","数据链路层","传输层","应用层"]', 'C', 'TCP是传输层协议', 1, 'single'),
(18, 14, '以下哪个不是TCP的特性？', '["可靠传输","流量控制","拥塞控制","无连接"]', 'D', 'TCP是面向连接的协议', 2, 'single'),
-- HTTP
(19, 15, 'HTTP状态码200表示？', '["重定向","客户端错误","成功","服务器错误"]', 'C', '200 OK表示请求成功', 1, 'single'),
(20, 15, 'HTTP状态码404表示？', '["服务器错误","未找到","未授权","请求超时"]', 'B', '404 Not Found表示资源不存在', 1, 'single'),
(21, 15, 'HTTPS相比HTTP多了哪一层安全？', '["IPSec","SSL/TLS","SSH","VPN"]', 'B', 'HTTPS = HTTP + SSL/TLS加密', 2, 'single'),
-- 排序
(22, 12, '快速排序的平均时间复杂度为？', '["O(n)","O(n²)","O(n log n)","O(log n)"]', 'C', '快排平均O(n log n)，最坏O(n²)', 2, 'single'),
(23, 12, '归并排序的空间复杂度为？', '["O(1)","O(log n)","O(n)","O(n²)"]', 'C', '归并需要额外O(n)空间存放临时数组', 3, 'single'),
(24, 12, '以下哪种排序是稳定的？', '["快速排序","堆排序","归并排序","选择排序"]', 'C', '归并排序保持相等元素相对顺序，是稳定排序', 3, 'single'),
-- 牛顿定律
(25, 20, '物体所受合力为零时，物体处于什么状态？', '["加速运动","匀速直线运动或静止","减速运动","圆周运动"]', 'B', '牛顿第一定律：合力为零则匀速或静止', 1, 'single'),
(26, 20, '质量为m的物体受恒力F作用，加速度为？', '["F","m/F","F/m","F·m"]', 'C', '牛顿第二定律：F=ma，故a=F/m', 1, 'single'),
(27, 20, '作用力与反作用力作用在几个物体上？', '["同一个","两个不同的","三个","可以相同也可以不同"]', 'B', '牛顿第三定律：力成对出现在不同物体上', 1, 'single'),
-- 更多节点简略题目
(28, 3, '罗尔定理的条件不包括？', '["闭区间连续","开区间可导","端点值相等","函数可积"]', 'D', '罗尔三条件：连续、可导、端点值等', 2, 'single'),
(29, 5, '定积分∫₀¹ x dx 的值为？', '["0","1","0.5","2"]', 'C', '∫x dx = x²/2，代入得1/2', 2, 'single'),
(30, 8, '栈的操作特性是？', '["FIFO","LIFO","随机访问","顺序访问"]', 'B', '栈是后进先出(LIFO)结构', 1, 'single'),
(31, 10, '图的DFS遍历使用什么辅助结构？', '["队列","栈","数组","链表"]', 'B', 'DFS用栈(递归栈或显式栈)', 2, 'single'),
(32, 16, 'DNS的主要功能是？', '["加密传输","域名解析为IP","路由选择","拥塞控制"]', 'B', 'DNS(Domain Name System)负责域名→IP映射', 1, 'single'),
(33, 18, '以下哪个是对称加密算法？', '["RSA","AES","ECC","DSA"]', 'B', 'AES是对称加密，RSA/ECC/DSA是非对称', 2, 'single'),
(34, 19, '质点做匀速圆周运动时，速度大小与方向的变化为？', '["大小变方向不变","大小不变方向变","大小方向都变","大小方向都不变"]', 'B', '匀速：速率不变但方向时刻变化', 1, 'single'),
(35, 21, '机械能守恒的条件是？', '["只有保守力做功","有摩擦力","有外力","任意条件"]', 'A', '只有保守力(重力/弹力)做功时机械能守恒', 2, 'single'),
(36, 22, '真空中两个点电荷之间的作用力与距离的关系是？', '["正比","反比","平方正比","平方反比"]', 'D', '库仑定律：F=kq₁q₂/r²', 1, 'single');

-- ====== 学习记录 (学生1) ======
INSERT IGNORE INTO study_record (user_id, node_id, mastery_level, correct_rate, study_minutes) VALUES
(1, 1, 2, 0.90, 50), (1, 2, 2, 0.85, 65), (1, 3, 1, 0.60, 40),
(1, 7, 2, 0.95, 45), (1, 8, 2, 0.88, 35), (1, 9, 1, 0.55, 70),
(1, 13, 2, 0.92, 40), (1, 14, 1, 0.50, 55), (1, 19, 1, 0.70, 40);

-- ====== 学习路径 (学生1) ======
INSERT IGNORE INTO study_path (id, user_id, target_node_id, path_name, total_nodes, total_minutes, status) VALUES
(1, 1, 6, '高等数学——从函数到多元微积分', 6, 380, 0),
(2, 1, 12, '数据结构通关路径', 6, 400, 0),
(3, 1, 18, '计算机网络核心概念', 5, 255, 1);

INSERT IGNORE INTO path_detail (path_id, node_id, sort_order, is_finished) VALUES
(1, 1, 1, 1), (1, 2, 2, 1), (1, 3, 3, 0), (1, 4, 4, 0), (1, 5, 5, 0), (1, 6, 6, 0),
(2, 7, 1, 1), (2, 8, 2, 1), (2, 9, 3, 0), (2, 11, 4, 0), (2, 10, 5, 0), (2, 12, 6, 0),
(3, 13, 1, 1), (3, 14, 2, 1), (3, 15, 3, 1), (3, 16, 4, 1), (3, 17, 5, 1);

-- ====== 错题本 (学生1) ======
INSERT IGNORE INTO wrong_question (user_id, question_id, wrong_answer, wrong_count) VALUES
(1, 8, 'A', 2), (1, 15, 'B', 1), (1, 18, 'A', 3), (1, 24, 'A', 1);

-- ====== 跨学科主题 ======
INSERT IGNORE INTO cross_subject_theme (id, theme_name, description, difficulty, publisher_id, status) VALUES
(1, '大数据分析中的数学基础', '高等数学中的概率统计与数据结构算法结合，探索大数据处理的核心数学原理', 2, 2, 1),
(2, '网络信息安全中的数学', '密码学数学基础与现代网络安全的交叉融合', 3, 51, 1),
(3, '物理模拟与计算机图形学', '利用物理定律实现逼真的计算机图形渲染', 3, 52, 1);

INSERT IGNORE INTO cross_theme_node (theme_id, node_id) VALUES
(1, 5), (1, 6), (1, 11), (1, 12),
(2, 1), (2, 2), (2, 18),
(3, 19), (3, 20), (3, 21), (3, 9);

-- ====== 公告 ======
INSERT IGNORE INTO sys_notice (id, title, content, publisher_id, target_role) VALUES
(1, '欢迎使用智能导学系统', '本系统基于知识图谱技术，为同学们提供个性化学习路径推荐。请从知识图谱中选择目标知识点，系统将自动生成最优学习路径。', 5, 'all'),
(2, '期末考试安排通知', '本学期期末考试将于第18周进行，请同学们合理安排复习时间。系统已开放全部测评功能，可以随时进行自测。', 2, 'student'),
(3, '新增跨学科主题', '教师团队已发布"大数据分析中的数学基础"等跨学科主题，欢迎同学们前往探索。', 2, 'all'),
(4, '系统更新公告', '前端界面已全面升级，新增时间感知问候、快捷入口图标、颗粒纹理等设计元素，提升使用体验。', 5, 'all');

-- ====== 测评(考试) ======
INSERT IGNORE INTO exam_record (id, user_id, exam_id, course_id, total_score, user_score, ai_report, create_time) VALUES
(1, 1, NULL, 1, 100, 82.00, '你在函数与极限部分表现优秀（90%），导数部分良好（85%）。定积分是薄弱环节（55%），建议回顾牛顿莱布尼茨公式的推导过程，多做换元积分练习。', DATE_SUB(NOW(), INTERVAL 5 DAY)),
(2, 1, NULL, 2, 100, 68.00, '线性表和栈队列掌握扎实（95%）。树与图论部分需要加强（50%），建议从二叉树的遍历开始重新学习，理解DFS和BFS的区别。', DATE_SUB(NOW(), INTERVAL 2 DAY));

SET FOREIGN_KEY_CHECKS = 1;
